run,label,building,class,instance,repeat,outcome,category,detail
final1,final1_minimal,large_office__2a_tampa,t_comparison_2hop,t_comparison_2hop#2,1,no_answer,agent error,no submit_answer (turn limit or stopped)
final1,final1_minimal,large_office__2a_tampa,t_comparison_2hop,t_comparison_2hop#3,1,no_answer,agent error,no submit_answer (turn limit or stopped)
final8,final8_minimal,large_office__2a_tampa,t_comparison_1,t_comparison_1#1,0,answered,agent error,answer outside the 'answer' object (value right)
final8,final8_minimal,large_office__2a_tampa,t_comparison_1,t_comparison_1#2,1,abstained,agent error,abstained although the store holds the data
final8,final8_minimal,large_office__2a_tampa,t_diagnosis_1,t_diagnosis_1#1,2,no_answer,agent error,no submit_answer (turn limit or stopped)
final8,final8_minimal,large_office__2a_tampa,t_explanation_1,t_explanation_1#3,2,abstained,agent error,abstained although the store holds the data
final8,final8_comfort,large_office__2a_tampa,t_verification_1,t_verification_1#2,0,answered,agent error,answer outside the 'answer' object (value right)
final8,final8_comfort,large_office__2a_tampa,t_explanation_1,t_explanation_1#2,2,abstained,agent error,abstained although the store holds the data
final1,final1_standard,large_office__2a_tampa,t_status_1,t_status_1#1,0,abstained,agent error,abstained although the store holds the data
final1,final1_standard,large_office__2a_tampa,t_status_1,t_status_1#3,1,abstained,agent error,abstained although the store holds the data
final1,final1_standard,large_office__2a_tampa,t_summary_1,t_summary_1#1,0,abstained,agent error,abstained although the store holds the data
final1,final1_standard,large_office__2a_tampa,t_summary_1,t_summary_1#3,2,abstained,agent error,abstained although the store holds the data
final1,final1_standard,large_office__2a_tampa,t_comparison_2hop,t_comparison_2hop#3,0,no_answer,agent error,no submit_answer (turn limit or stopped)
final1,final1_standard,large_office__2a_tampa,t_verification_2,t_verification_2#1,0,answered,agent error,answer outside the 'answer' object (value right)
final1,final1_standard,large_office__2a_tampa,t_verification_2,t_verification_2#1,1,abstained,agent error,abstained although the store holds the data
final1,final1_standard,large_office__2a_tampa,o_summary_2,o_summary_2#3,2,abstained,agent error,abstained although the store holds the data
final1,final1_standard,large_office__2a_tampa,o_diagnosis_2,o_diagnosis_2#3,2,answered,agent error,answer outside the 'answer' object (value right)
final8,final8_standard,large_office__2a_tampa,t_comparison_1,t_comparison_1#2,0,abstained,agent error,abstained although the store holds the data
final8,final8_standard,large_office__2a_tampa,t_verification_1,t_verification_1#2,2,abstained,agent error,abstained although the store holds the data
final8,final8_standard,large_office__2a_tampa,t_explanation_1,t_explanation_1#1,1,answered,agent error,non-numeric value None
final8,final8_standard,large_office__2a_tampa,t_explanation_2,t_explanation_2#1,2,answered,agent error,wrong entity 'decrease' (ground truth 'increase')
final8,final8_standard,large_office__2a_tampa,o_status_2,o_status_2#3,1,abstained,agent error,abstained although the store holds the data
final8,final8_standard,large_office__2a_tampa,o_summary_1,o_summary_1#3,2,answered,agent error,wrong value 148.602 (ground truth 10.799)
final1,final1_rich,large_office__2a_tampa,t_comparison_2,t_comparison_2#1,1,answered,agent error,wrong value 3 (ground truth -0.899)
final1,final1_rich,large_office__2a_tampa,l_diagnosis_2,l_diagnosis_2#3,0,answered,agent error,answer outside the 'answer' object (value right)
final8,final8_rich,large_office__2a_tampa,t_verification_1,t_verification_1#2,0,abstained,agent error,abstained although the store holds the data
final8,final8_rich,large_office__2a_tampa,t_verification_1,t_verification_1#2,2,abstained,agent error,abstained although the store holds the data
final8,final8_rich,large_office__2a_tampa,t_diagnosis_2,t_diagnosis_2#2,0,no_answer,agent error,no submit_answer (turn limit or stopped)
final8,final8_rich,large_office__2a_tampa,e_explanation_2,e_explanation_2#2,0,answered,agent error,wrong entity 'occupied' (ground truth 'unoccupied')
final8,final8_rich,large_office__2a_tampa,e_explanation_2,e_explanation_2#2,1,answered,agent error,wrong entity 'occupied' (ground truth 'unoccupied')
final8,final8_rich,large_office__2a_tampa,e_explanation_2,e_explanation_2#2,2,answered,agent error,wrong entity 'occupied' (ground truth 'unoccupied')
final8,final8_rich,large_office__2a_tampa,q_comparison_1,q_comparison_1#1,2,answered,agent error,answer outside the 'answer' object (value right)
final8,final8_rich,large_office__2a_tampa,q_verification_2,q_verification_2#1,0,no_answer,agent error,no submit_answer (turn limit or stopped)
final8,final8_rich,large_office__2a_tampa,q_explanation_2,q_explanation_2#1,0,answered,agent error,wrong entity 'unoccupied' (ground truth 'occupied')
final8,final8_rich,large_office__2a_tampa,q_explanation_2,q_explanation_2#1,2,answered,agent error,wrong entity 'unoccupied' (ground truth 'occupied')
final8,final8_rich,large_office__2a_tampa,q_explanation_2,q_explanation_2#2,0,answered,agent error,wrong entity 'Chiller01' (ground truth 'unoccupied')
final8,final8_rich,large_office__2a_tampa,l_comparison_1,l_comparison_1#2,0,abstained,agent error,abstained although the store holds the data
final8,final8_rich,large_office__2a_tampa,o_status_2,o_status_2#1,0,abstained,agent error,abstained although the store holds the data
final8,final8_rich,large_office__2a_tampa,o_comparison_2,o_comparison_2#2,0,abstained,agent error,abstained although the store holds the data
final2,final2,large_office__4a_newyork,t_summary_1,t_summary_1#3,0,abstained,agent error,abstained although the store holds the data
final2,final2,large_office__4a_newyork,o_status_1,o_status_1#1,0,abstained,agent error,abstained although the store holds the data
final8b,final8b,large_office__4a_newyork,t_verification_1,t_verification_1#2,0,abstained,agent error,abstained although the store holds the data
final8b,final8b,large_office__4a_newyork,e_comparison_1,e_comparison_1#3,0,answered,agent error,wrong boolean True (ground truth False)
final8b,final8b,large_office__4a_newyork,e_explanation_2,e_explanation_2#2,0,answered,agent error,wrong entity 'occupied' (ground truth 'unoccupied')
final8b,final8b,large_office__4a_newyork,q_explanation_2,q_explanation_2#1,0,answered,agent error,wrong entity 'unoccupied' (ground truth 'occupied')
final8b,final8b,large_office__4a_newyork,l_comparison_1,l_comparison_1#2,0,no_answer,agent error,no submit_answer (turn limit or stopped)
final2,final2,large_office__5a_buffalo,t_summary_2,t_summary_2#1,0,abstained,agent error,abstained although the store holds the data
final2,final2,large_office__5a_buffalo,l_comparison_2,l_comparison_2#3,0,no_answer,agent error,no submit_answer (turn limit or stopped)
final8b,final8b,large_office__5a_buffalo,t_explanation_2,t_explanation_2#1,0,abstained,agent error,abstained although the store holds the data
final8b,final8b,large_office__5a_buffalo,e_diagnosis_2,e_diagnosis_2#3,0,answered,agent error,wrong value 17 (ground truth 5)
final8b,final8b,large_office__5a_buffalo,e_explanation_2,e_explanation_2#2,0,answered,agent error,wrong entity 'occupied' (ground truth 'unoccupied')
final8b,final8b,large_office__5a_buffalo,q_summary_2,q_summary_2#2,0,answered,agent error,answer outside the 'answer' object (value right)
final8b,final8b,large_office__5a_buffalo,q_verification_2,q_verification_2#1,0,answered,agent error,answer outside the 'answer' object (value right)
final8b,final8b,large_office__5a_buffalo,q_explanation_1,q_explanation_1#1,0,answered,agent error,sign flipped
final8b,final8b,large_office__5a_buffalo,q_explanation_2,q_explanation_2#1,0,answered,agent error,wrong entity 'unoccupied' (ground truth 'occupied')
final8b,final8b,large_office__5a_buffalo,o_summary_1,o_summary_1#2,0,abstained,agent error,abstained although the store holds the data
final2,final2,medium_office__2a_tampa,t_comparison_2hop,t_comparison_2hop#1,0,no_answer,agent error,no submit_answer (turn limit or stopped)
final2,final2,medium_office__2a_tampa,e_comparison_2,e_comparison_2#2,0,answered,agent error,"unit or scale slip, /3600 (J vs W)"
final2,final2,medium_office__2a_tampa,q_status_2,q_status_2#1,0,answered,agent error,answer outside the 'answer' object (value right)
final2,final2,medium_office__2a_tampa,q_comparison_2,q_comparison_2#2,0,answered,agent error,wrong entity 'SupplyFan_AHU03' (ground truth 'AHU01')
final8b,final8b,medium_office__2a_tampa,t_diagnosis_1,t_diagnosis_1#3,0,no_answer,agent error,no submit_answer (turn limit or stopped)
final8b,final8b,medium_office__2a_tampa,e_explanation_1,e_explanation_1#2,0,answered,agent error,wrong value 1.90486 (ground truth 0.138775)
final8b,final8b,medium_office__2a_tampa,q_summary_2,q_summary_2#3,0,answered,agent error,answer outside the 'answer' object (value right)
final8b,final8b,medium_office__2a_tampa,q_explanation_2,q_explanation_2#1,0,answered,agent error,wrong entity 'unoccupied' (ground truth 'occupied')
final8b,final8b,medium_office__2a_tampa,o_diagnosis_1,o_diagnosis_1#1,0,answered,agent error,no answer object in submit_answer
final2,final2,medium_office__4a_newyork,t_summary_1,t_summary_1#3,0,abstained,agent error,abstained although the store holds the data
final2,final2,medium_office__4a_newyork,t_verification_2,t_verification_2#2,0,answered,agent error,wrong boolean True (ground truth False)
final8b,final8b,medium_office__4a_newyork,t_verification_1,t_verification_1#3,0,abstained,agent error,abstained although the store holds the data
final8b,final8b,medium_office__4a_newyork,q_diagnosis_2,q_diagnosis_2#3,0,answered,agent error,wrong entity 'SupplyFan_AHU03' (ground truth 'AHU02')
final8b,final8b,medium_office__4a_newyork,o_summary_1,o_summary_1#2,0,answered,agent error,wrong value 115.67 (ground truth 0.558)
final8b,final8b,medium_office__4a_newyork,o_comparison_1,o_comparison_1#3,0,abstained,agent error,abstained although the store holds the data
final2,final2,medium_office__5a_buffalo,t_summary_1,t_summary_1#3,0,abstained,agent error,abstained although the store holds the data
final8b,final8b,medium_office__5a_buffalo,t_explanation_2,t_explanation_2#2,0,answered,agent error,wrong entity 'increase' (ground truth 'decrease')
final8b,final8b,medium_office__5a_buffalo,q_diagnosis_1,q_diagnosis_1#1,0,answered,agent error,wrong entity 'Core_bottom' (ground truth 'AHU01')
final8b,final8b,medium_office__5a_buffalo,q_diagnosis_1,q_diagnosis_1#2,0,abstained,agent error,abstained although the store holds the data
final8b,final8b,medium_office__5a_buffalo,q_diagnosis_2,q_diagnosis_2#2,0,answered,agent error,wrong entity 'SupplyFan_AHU02' (ground truth 'AHU03')
final8b,final8b,medium_office__5a_buffalo,q_explanation_2,q_explanation_2#1,0,answered,agent error,wrong entity 'unoccupied' (ground truth 'occupied')
final8b,final8b,medium_office__5a_buffalo,o_summary_1,o_summary_1#1,0,answered,agent error,answer outside the 'answer' object (value right)
final8b,final8b,medium_office__5a_buffalo,o_comparison_1,o_comparison_1#3,0,abstained,agent error,abstained although the store holds the data
final8b,final8b,medium_office__5a_buffalo,o_comparison_2,o_comparison_2#2,0,answered,agent error,sign flipped
final8b,final8b,medium_office__5a_buffalo,o_comparison_2,o_comparison_2#3,0,no_answer,agent error,no submit_answer (turn limit or stopped)
final2,final2,small_office__2a_tampa,t_summary_1,t_summary_1#2,0,abstained,agent error,abstained although the store holds the data
final2,final2,small_office__2a_tampa,e_summary_1_weekday,e_summary_1_weekday#1,0,answered,agent error,wrong value 4.94378e+08 (ground truth 4.31515e+08)
final8b,final8b,small_office__2a_tampa,t_explanation_1,t_explanation_1#3,0,abstained,agent error,abstained although the store holds the data
final8b,final8b,small_office__2a_tampa,e_explanation_2,e_explanation_2#1,0,answered,agent error,wrong entity 'occupied' (ground truth 'unoccupied')
final8b,final8b,small_office__2a_tampa,o_diagnosis_1,o_diagnosis_1#1,0,abstained,agent error,abstained although the store holds the data
final2,final2,small_office__4a_newyork,t_status_1,t_status_1#3,0,abstained,agent error,abstained although the store holds the data
final2,final2,small_office__4a_newyork,t_summary_1,t_summary_1#2,0,abstained,agent error,abstained although the store holds the data
final2,final2,small_office__4a_newyork,e_summary_2,e_summary_2#2,0,answered,agent error,"unit or scale slip, /3600 (J vs W)"
final2,final2,small_office__4a_newyork,o_summary_2,o_summary_2#1,0,abstained,agent error,abstained although the store holds the data
final8b,final8b,small_office__4a_newyork,e_explanation_2,e_explanation_2#2,0,answered,agent error,wrong entity 'unoccupied' (ground truth 'occupied')
final8b,final8b,small_office__4a_newyork,o_comparison_1,o_comparison_1#2,0,abstained,agent error,abstained although the store holds the data
final8b,final8b,small_office__4a_newyork,o_comparison_1,o_comparison_1#3,0,abstained,agent error,abstained although the store holds the data
final8b,final8b,small_office__4a_newyork,o_comparison_2,o_comparison_2#3,0,abstained,agent error,abstained although the store holds the data
final8b,final8b,small_office__4a_newyork,o_diagnosis_1,o_diagnosis_1#2,0,abstained,agent error,abstained although the store holds the data
final8b,final8b,small_office__4a_newyork,o_diagnosis_1,o_diagnosis_1#3,0,answered,agent error,answer outside the 'answer' object (value right)
final2,final2,small_office__5a_buffalo,t_comparison_2,t_comparison_2#1,0,abstained,agent error,abstained although the store holds the data
final2,final2,small_office__5a_buffalo,o_summary_2,o_summary_2#1,0,abstained,agent error,abstained although the store holds the data
final2,final2,small_office__5a_buffalo,l_summary_2,l_summary_2#3,0,answered,agent error,wrong value 1.25176e+06 (ground truth 2.11015e+06)
final8b,final8b,small_office__5a_buffalo,l_summary_1,l_summary_1#3,0,answered,agent error,wrong value 19.3085 (ground truth 161.634)
final8b,final8b,small_office__5a_buffalo,o_comparison_1,o_comparison_1#1,0,abstained,agent error,abstained although the store holds the data
final5,final5,bldg40,t_summary_1,t_summary_1#1,2,answered,agent error,
final5,final5,bldg40,t_verification_1,t_verification_1#3,0,abstained,agent error,
final5sp,final5sp,bldg40,t_diagnosis_2,t_diagnosis_2#1,0,answered,grader strictness,
final5sp,final5sp,bldg40,t_diagnosis_2,t_diagnosis_2#1,1,answered,grader strictness,
final5,final5,bldg15,t_comparison_2,t_comparison_2#3,0,answered,agent error,
final5,final5,bldg15,t_comparison_2hop,t_comparison_2hop#3,2,no_answer,agent error,
final5,final5,bldg15,t_diagnosis_1,t_diagnosis_1#3,1,no_answer,agent error,
final5sp,final5sp,bldg15,t_diagnosis_2,t_diagnosis_2#1,0,no_answer,agent error,
final5sp,final5sp,bldg15,t_diagnosis_2,t_diagnosis_2#1,1,no_answer,agent error,
final5sp,final5sp,bldg15,t_diagnosis_2,t_diagnosis_2#3,0,no_answer,agent error,
final5r,final5r,bldg11,t_diagnosis_2,t_diagnosis_2#3,0,answered,grader strictness,
final5sp,final5sp,bldg34,t_diagnosis_2,t_diagnosis_2#3,0,no_answer,agent error,
final5sp,final5sp,bldg32,t_status_2,t_status_2#3,0,answered,agent error,
final5,final5,bldg5,t_comparison_2,t_comparison_2#2,0,abstained,agent error,
final5,final5,bldg5,t_diagnosis_1,t_diagnosis_1#2,0,answered,grader strictness,
final5sp,final5sp,bldg5,t_diagnosis_2,t_diagnosis_2#1,0,no_answer,agent error,
final5sp,final5sp,bldg5,t_diagnosis_2,t_diagnosis_2#2,0,no_answer,agent error,
final5sp,final5sp,bldg5,t_diagnosis_2,t_diagnosis_2#3,0,no_answer,agent error,
final5sp,final5sp,bldg5,t_explanation_2,t_explanation_2#3,0,answered,agent error,
