timeseries_id,point_uri,point_class,unit,quantity_kind,building_id
c889cadf-ee1a-5783-816a-c60c58430141,http://buildgraph.org/BG_large_office_2004_0000#ElectricMeter,Building_Electrical_Meter,J,,large_office__2a_tampa__act
ff8945c5-3435-5fa7-bdc7-9f8f355a8c99,http://buildgraph.org/BG_large_office_2004_0000#Zone_F1_Z01.Occupancy_Sensor,Occupancy_Sensor,,,large_office__2a_tampa__act
cb9f1e87-e678-55ab-92c9-8b35bafe0dc8,http://buildgraph.org/BG_large_office_2004_0000#Zone_F1_Z01.Zone_Air_Heating_Temperature_Setpoint,Zone_Air_Heating_Temperature_Setpoint,C,,large_office__2a_tampa__act
7a9e6dea-7214-57d7-a3ab-6fec741ab22a,http://buildgraph.org/BG_large_office_2004_0000#Zone_F1_Z01.Zone_Air_Temperature_Sensor,Zone_Air_Temperature_Sensor,C,,large_office__2a_tampa__act
1213f3a8-c23d-55b5-8187-4712d49a82ae,http://buildgraph.org/BG_large_office_2004_0000#Zone_F2_Z01.Zone_Air_Cooling_Temperature_Setpoint,Zone_Air_Cooling_Temperature_Setpoint,C,,large_office__2a_tampa__act
b5c23ef3-f09b-5290-bfe0-1017cde1c4a5,http://buildgraph.org/BG_large_office_2004_0000#Zone_F2_Z01.Zone_Air_Heating_Temperature_Setpoint,Zone_Air_Heating_Temperature_Setpoint,C,,large_office__2a_tampa__act
baef86cb-2941-5d61-87b0-ffa91d79f23a,http://buildgraph.org/BG_large_office_2004_0000#Zone_F2_Z01.Zone_Air_Temperature_Sensor,Zone_Air_Temperature_Sensor,C,,large_office__2a_tampa__act
56defeea-a15e-5798-ba91-ba76c3ea8394,http://buildgraph.org/BG_large_office_2004_0000#Zone_F2_Z02.Occupancy_Sensor,Occupancy_Sensor,,,large_office__2a_tampa__act
67adf9a4-536e-5f42-bb3b-51b7a1526675,http://buildgraph.org/BG_large_office_2004_0000#Zone_F2_Z02.Zone_Air_Cooling_Temperature_Setpoint,Zone_Air_Cooling_Temperature_Setpoint,C,,large_office__2a_tampa__act
6a2dc2f5-9a81-548b-84d2-df34d1516503,http://buildgraph.org/BG_large_office_2004_0000#Zone_F2_Z02.Zone_Air_Temperature_Sensor,Zone_Air_Temperature_Sensor,C,,large_office__2a_tampa__act
4067b4b7-8ab8-5191-9408-9caf2ace6a09,http://buildgraph.org/BG_large_office_2004_0000#Zone_F2_Z03.Occupancy_Sensor,Occupancy_Sensor,,,large_office__2a_tampa__act
44d6581d-51ed-5650-ad74-1bd56a16c03e,http://buildgraph.org/BG_large_office_2004_0000#Zone_F2_Z03.Zone_Air_Cooling_Temperature_Setpoint,Zone_Air_Cooling_Temperature_Setpoint,C,,large_office__2a_tampa__act
3884ddd2-55e5-5e0a-9e6a-65822409bb01,http://buildgraph.org/BG_large_office_2004_0000#Zone_F2_Z03.Zone_Air_Heating_Temperature_Setpoint,Zone_Air_Heating_Temperature_Setpoint,C,,large_office__2a_tampa__act
75411709-a1c3-5621-904d-b03d146bc43d,http://buildgraph.org/BG_large_office_2004_0000#Zone_F2_Z03.Zone_Air_Temperature_Sensor,Zone_Air_Temperature_Sensor,C,,large_office__2a_tampa__act
f0c17382-5dc5-5762-aef6-7d433ca8d7bb,http://buildgraph.org/BG_large_office_2004_0000#Zone_F2_Z04.Zone_Air_Cooling_Temperature_Setpoint,Zone_Air_Cooling_Temperature_Setpoint,C,,large_office__2a_tampa__act
f9990edd-406b-5118-8fc2-62ecc998fe86,http://buildgraph.org/BG_large_office_2004_0000#Zone_F2_Z04.Zone_Air_Temperature_Sensor,Zone_Air_Temperature_Sensor,C,,large_office__2a_tampa__act
335c2ab2-c7e3-551f-8bdc-96b15c59e4a8,http://buildgraph.org/BG_large_office_2004_0000#Zone_F2_Z05.Zone_Air_Cooling_Temperature_Setpoint,Zone_Air_Cooling_Temperature_Setpoint,C,,large_office__2a_tampa__act
108335ab-9ad0-5222-b9a5-88d998152c65,http://buildgraph.org/BG_large_office_2004_0000#Zone_F2_Z05.Zone_Air_Temperature_Sensor,Zone_Air_Temperature_Sensor,C,,large_office__2a_tampa__act
cb0edc8a-8eba-5a9c-89e5-fb3668b1fc18,http://buildgraph.org/BG_large_office_2004_0000#Zone_F2_Z06.Zone_Air_Temperature_Sensor,Zone_Air_Temperature_Sensor,C,,large_office__2a_tampa__act
93d84ff6-9ef2-55af-89d2-e5a6dcfc33b0,http://buildgraph.org/BG_large_office_2004_0000#Zone_F2_Z07.Zone_Air_Cooling_Temperature_Setpoint,Zone_Air_Cooling_Temperature_Setpoint,C,,large_office__2a_tampa__act
0cede4f2-cbcf-5fe8-9f4b-e6428317da44,http://buildgraph.org/BG_large_office_2004_0000#Zone_F2_Z07.Zone_Air_Heating_Temperature_Setpoint,Zone_Air_Heating_Temperature_Setpoint,C,,large_office__2a_tampa__act
a6b53f83-d378-5a08-b723-6834fcbf5b60,http://buildgraph.org/BG_large_office_2004_0000#Zone_F2_Z07.Zone_Air_Temperature_Sensor,Zone_Air_Temperature_Sensor,C,,large_office__2a_tampa__act
3ec6613e-4d87-5159-ac83-7852e7c94984,http://buildgraph.org/BG_large_office_2004_0000#Zone_F2_Z08.Zone_Air_Cooling_Temperature_Setpoint,Zone_Air_Cooling_Temperature_Setpoint,C,,large_office__2a_tampa__act
73f7a82c-2e72-5d4e-90c0-8e6bbf10cc51,http://buildgraph.org/BG_large_office_2004_0000#Zone_F2_Z08.Zone_Air_Heating_Temperature_Setpoint,Zone_Air_Heating_Temperature_Setpoint,C,,large_office__2a_tampa__act
be41bf6b-c1ca-5cc0-a271-2cd4fca56654,http://buildgraph.org/BG_large_office_2004_0000#Zone_F2_Z08.Zone_Air_Temperature_Sensor,Zone_Air_Temperature_Sensor,C,,large_office__2a_tampa__act
b3f73bc4-684f-5295-a07e-c26b2b13702c,http://buildgraph.org/BG_large_office_2004_0000#Zone_F2_Z09.Occupancy_Sensor,Occupancy_Sensor,,,large_office__2a_tampa__act
e75277fa-4749-5dba-8c4f-d26f1e36883e,http://buildgraph.org/BG_large_office_2004_0000#Zone_F2_Z09.Zone_Air_Cooling_Temperature_Setpoint,Zone_Air_Cooling_Temperature_Setpoint,C,,large_office__2a_tampa__act
44131dba-3905-55ef-addb-a29304394669,http://buildgraph.org/BG_large_office_2004_0000#Zone_F2_Z09.Zone_Air_Heating_Temperature_Setpoint,Zone_Air_Heating_Temperature_Setpoint,C,,large_office__2a_tampa__act
e1a79a88-2d8b-57bd-bf62-59a3912057c5,http://buildgraph.org/BG_large_office_2004_0000#Zone_F2_Z09.Zone_Air_Temperature_Sensor,Zone_Air_Temperature_Sensor,C,,large_office__2a_tampa__act
5b98cbc1-fd25-5d8c-a96e-c3de49819174,http://buildgraph.org/BG_large_office_2004_0000#Zone_F3_Z01.Zone_Air_Cooling_Temperature_Setpoint,Zone_Air_Cooling_Temperature_Setpoint,C,,large_office__2a_tampa__act
b7f22e0c-833d-5373-87e1-51e1cb26f038,http://buildgraph.org/BG_large_office_2004_0000#Zone_F3_Z01.Zone_Air_Heating_Temperature_Setpoint,Zone_Air_Heating_Temperature_Setpoint,C,,large_office__2a_tampa__act
e0dd5f44-f050-5faa-a2a0-a3fcb6284ae8,http://buildgraph.org/BG_large_office_2004_0000#Zone_F3_Z01.Zone_Air_Temperature_Sensor,Zone_Air_Temperature_Sensor,C,,large_office__2a_tampa__act
0361d2c1-48db-57ae-b48b-913d1c1cef38,http://buildgraph.org/BG_large_office_2004_0000#Zone_F3_Z02.Occupancy_Sensor,Occupancy_Sensor,,,large_office__2a_tampa__act
ab7aa6bb-58e1-5486-aae3-b8d7de6d9f0c,http://buildgraph.org/BG_large_office_2004_0000#Zone_F3_Z02.Zone_Air_Cooling_Temperature_Setpoint,Zone_Air_Cooling_Temperature_Setpoint,C,,large_office__2a_tampa__act
af9ee850-845a-5461-909f-596fb77496e4,http://buildgraph.org/BG_large_office_2004_0000#Zone_F3_Z02.Zone_Air_Heating_Temperature_Setpoint,Zone_Air_Heating_Temperature_Setpoint,C,,large_office__2a_tampa__act
bcc5a78f-36a4-55a0-9420-7a80fc9b2deb,http://buildgraph.org/BG_large_office_2004_0000#Zone_F3_Z02.Zone_Air_Temperature_Sensor,Zone_Air_Temperature_Sensor,C,,large_office__2a_tampa__act
9c6223f8-3611-5ceb-9107-70e8206e9ccd,http://buildgraph.org/BG_large_office_2004_0000#Zone_F3_Z03.Zone_Air_Temperature_Sensor,Zone_Air_Temperature_Sensor,C,,large_office__2a_tampa__act
b2231f55-9c62-5d1a-a9a4-50b670423c90,http://buildgraph.org/BG_large_office_2004_0000#Zone_F3_Z04.Zone_Air_Cooling_Temperature_Setpoint,Zone_Air_Cooling_Temperature_Setpoint,C,,large_office__2a_tampa__act
c9fc3c98-8ad8-5bba-a072-0a5c02357f48,http://buildgraph.org/BG_large_office_2004_0000#Zone_F3_Z05.Zone_Air_Cooling_Temperature_Setpoint,Zone_Air_Cooling_Temperature_Setpoint,C,,large_office__2a_tampa__act
dcb57f97-6711-5249-9f6f-3a81a69fc8d6,http://buildgraph.org/BG_large_office_2004_0000#Zone_F3_Z05.Zone_Air_Heating_Temperature_Setpoint,Zone_Air_Heating_Temperature_Setpoint,C,,large_office__2a_tampa__act
c49bbc2f-096e-5e16-bead-066250790308,http://buildgraph.org/BG_large_office_2004_0000#Zone_F3_Z05.Zone_Air_Temperature_Sensor,Zone_Air_Temperature_Sensor,C,,large_office__2a_tampa__act
22de734e-0a64-57ec-a6a5-f288ee06f947,http://buildgraph.org/BG_large_office_2004_0000#Zone_F4_Z01.Zone_Air_Cooling_Temperature_Setpoint,Zone_Air_Cooling_Temperature_Setpoint,C,,large_office__2a_tampa__act
cc2c47f2-64c6-55c8-b3f1-357c9be00729,http://buildgraph.org/BG_large_office_2004_0000#Zone_F4_Z01.Zone_Air_Heating_Temperature_Setpoint,Zone_Air_Heating_Temperature_Setpoint,C,,large_office__2a_tampa__act
14a08406-79a0-52ca-b8a1-8563259dc820,http://buildgraph.org/BG_large_office_2004_0000#Zone_F4_Z01.Zone_Air_Temperature_Sensor,Zone_Air_Temperature_Sensor,C,,large_office__2a_tampa__act
1bfb5858-50ad-5299-b60a-f9890b9316fb,http://buildgraph.org/BG_large_office_2004_0000#Zone_F4_Z02.Occupancy_Sensor,Occupancy_Sensor,,,large_office__2a_tampa__act
99e24fe9-7cdd-5c52-9a92-b70e8311df45,http://buildgraph.org/BG_large_office_2004_0000#Zone_F4_Z02.Zone_Air_Cooling_Temperature_Setpoint,Zone_Air_Cooling_Temperature_Setpoint,C,,large_office__2a_tampa__act
ffe55820-dea8-5a77-ae76-13810190c34c,http://buildgraph.org/BG_large_office_2004_0000#Zone_F4_Z02.Zone_Air_Heating_Temperature_Setpoint,Zone_Air_Heating_Temperature_Setpoint,C,,large_office__2a_tampa__act
2747096d-e7c5-5b14-b6e1-ff12157886ed,http://buildgraph.org/BG_large_office_2004_0000#Zone_F4_Z02.Zone_Air_Temperature_Sensor,Zone_Air_Temperature_Sensor,C,,large_office__2a_tampa__act
49a712e6-9bdb-50ff-bf2e-5573d582bffc,http://buildgraph.org/BG_large_office_2004_0000#Zone_F4_Z03.Occupancy_Sensor,Occupancy_Sensor,,,large_office__2a_tampa__act
2b492ac7-baae-51c6-baa5-2868ed846837,http://buildgraph.org/BG_large_office_2004_0000#Zone_F4_Z03.Zone_Air_Cooling_Temperature_Setpoint,Zone_Air_Cooling_Temperature_Setpoint,C,,large_office__2a_tampa__act
e9efdb7a-d403-58a3-85cd-74e7c929990b,http://buildgraph.org/BG_large_office_2004_0000#Zone_F4_Z03.Zone_Air_Heating_Temperature_Setpoint,Zone_Air_Heating_Temperature_Setpoint,C,,large_office__2a_tampa__act
e727d859-6ffc-5691-90b5-75c20a814c9c,http://buildgraph.org/BG_large_office_2004_0000#Zone_F4_Z03.Zone_Air_Temperature_Sensor,Zone_Air_Temperature_Sensor,C,,large_office__2a_tampa__act
7b461f87-7d5e-54ee-9a54-6e66136c15aa,http://buildgraph.org/BG_large_office_2004_0000#Zone_F4_Z04.Zone_Air_Cooling_Temperature_Setpoint,Zone_Air_Cooling_Temperature_Setpoint,C,,large_office__2a_tampa__act
d47e1b67-b52c-5064-8b94-11544aa38ad8,http://buildgraph.org/BG_large_office_2004_0000#Zone_F4_Z04.Zone_Air_Heating_Temperature_Setpoint,Zone_Air_Heating_Temperature_Setpoint,C,,large_office__2a_tampa__act
4ad6a9e9-05d9-55b0-b15c-f10a8192e955,http://buildgraph.org/BG_large_office_2004_0000#Zone_F4_Z04.Zone_Air_Temperature_Sensor,Zone_Air_Temperature_Sensor,C,,large_office__2a_tampa__act
26776421-83f2-518b-9716-873fcaa13a04,http://buildgraph.org/BG_large_office_2004_0000#Zone_F4_Z05.Occupancy_Sensor,Occupancy_Sensor,,,large_office__2a_tampa__act
5be591d2-0332-5bae-bf38-0392bf2f0400,http://buildgraph.org/BG_large_office_2004_0000#Zone_F4_Z05.Zone_Air_Cooling_Temperature_Setpoint,Zone_Air_Cooling_Temperature_Setpoint,C,,large_office__2a_tampa__act
4aaac5bd-4e1b-5ba6-b6ca-1d7f912b970b,http://buildgraph.org/BG_large_office_2004_0000#Zone_F4_Z05.Zone_Air_Heating_Temperature_Setpoint,Zone_Air_Heating_Temperature_Setpoint,C,,large_office__2a_tampa__act
7405cace-e0c0-50fb-b547-fae7f45446de,http://buildgraph.org/BG_large_office_2004_0000#Boiler01_Heating_Thermal_Power_Sensor,Heating_Thermal_Power_Sensor,W,,large_office__2a_tampa__act
065c9bce-b7c1-5d82-9de4-440ca6e7dd6b,http://buildgraph.org/BG_large_office_2004_0000#Boiler02_Heating_Thermal_Power_Sensor,Heating_Thermal_Power_Sensor,W,,large_office__2a_tampa__act
81cf18e6-4817-56b7-8c3a-15cf474e449f,http://buildgraph.org/BG_large_office_2004_0000#CHWPump01_Electric_Power_Sensor,Electric_Power_Sensor,W,,large_office__2a_tampa__act
a39e93e1-f68f-5e9e-b836-56293fd89fa7,http://buildgraph.org/BG_large_office_2004_0000#CHWPump02_Electric_Power_Sensor,Electric_Power_Sensor,W,,large_office__2a_tampa__act
c5c4a195-9550-5cce-9ad7-50e5c66bc8c6,http://buildgraph.org/BG_large_office_2004_0000#Chiller01_Electric_Power_Sensor,Electric_Power_Sensor,W,,large_office__2a_tampa__act
6041ce4e-9251-5a23-9103-a13dcc247d28,http://buildgraph.org/BG_large_office_2004_0000#Chiller02_Electric_Power_Sensor,Electric_Power_Sensor,W,,large_office__2a_tampa__act
98c679b4-d05a-5e5e-8138-68305def3228,http://buildgraph.org/BG_large_office_2004_0000#CondPump01_Electric_Power_Sensor,Electric_Power_Sensor,W,,large_office__2a_tampa__act
7c6fe42d-3c16-55d2-b72a-7bab085d5a60,http://buildgraph.org/BG_large_office_2004_0000#CondPump02_Electric_Power_Sensor,Electric_Power_Sensor,W,,large_office__2a_tampa__act
fd048852-f786-5dfa-8db7-8e454c3cfea5,http://buildgraph.org/BG_large_office_2004_0000#CoolingTower01_Electric_Power_Sensor,Electric_Power_Sensor,W,,large_office__2a_tampa__act
9a65618f-ac88-5584-aa4f-0bd2e0013360,http://buildgraph.org/BG_large_office_2004_0000#CoolingTower02_Electric_Power_Sensor,Electric_Power_Sensor,W,,large_office__2a_tampa__act
54bac0b6-bd85-5aca-861a-0399d378e5cc,http://buildgraph.org/BG_large_office_2004_0000#HWPump01_Electric_Power_Sensor,Electric_Power_Sensor,W,,large_office__2a_tampa__act
af4b8334-3dca-548d-b215-2cb64a0aa2c0,http://buildgraph.org/BG_large_office_2004_0000#HWPump02_Electric_Power_Sensor,Electric_Power_Sensor,W,,large_office__2a_tampa__act
4693f367-6f23-5b26-868f-f17e866f28b6,http://buildgraph.org/BG_large_office_2004_0000#SupplyFan_AHU01_Electric_Power_Sensor,Electric_Power_Sensor,W,,large_office__2a_tampa__act
47652864-1667-59d9-8666-a2e27c774441,http://buildgraph.org/BG_large_office_2004_0000#SupplyFan_AHU02_Electric_Power_Sensor,Electric_Power_Sensor,W,,large_office__2a_tampa__act
d8a9536c-e875-5be1-90c1-dcfdcb016492,http://buildgraph.org/BG_large_office_2004_0000#SupplyFan_AHU03_Electric_Power_Sensor,Electric_Power_Sensor,W,,large_office__2a_tampa__act
a3d53062-bb91-5344-944b-d0a1d130ccbd,http://buildgraph.org/BG_large_office_2004_0000#Zone_F1_Z01_Electric_Power_Sensor,Electric_Power_Sensor,W,,large_office__2a_tampa__act
134c4f67-a2ef-5cd4-b03a-f18a5601c587,http://buildgraph.org/BG_large_office_2004_0000#Zone_F2_Z01_Electric_Power_Sensor,Electric_Power_Sensor,W,,large_office__2a_tampa__act
0b5bf25f-c5c8-51da-8c7d-8d88a5968e1e,http://buildgraph.org/BG_large_office_2004_0000#Zone_F2_Z02_Electric_Power_Sensor,Electric_Power_Sensor,W,,large_office__2a_tampa__act
85a506ff-44db-5f62-8212-d60768cccc57,http://buildgraph.org/BG_large_office_2004_0000#Zone_F2_Z03_Electric_Power_Sensor,Electric_Power_Sensor,W,,large_office__2a_tampa__act
0f001ba7-a857-50b6-be5b-d71ffe920bb0,http://buildgraph.org/BG_large_office_2004_0000#Zone_F2_Z04_Electric_Power_Sensor,Electric_Power_Sensor,W,,large_office__2a_tampa__act
b3c1fa84-57dc-5f64-86f8-566814470faa,http://buildgraph.org/BG_large_office_2004_0000#Zone_F2_Z05_Electric_Power_Sensor,Electric_Power_Sensor,W,,large_office__2a_tampa__act
b171db7f-57db-5587-8f3b-aa4355adaef8,http://buildgraph.org/BG_large_office_2004_0000#Zone_F2_Z06_Electric_Power_Sensor,Electric_Power_Sensor,W,,large_office__2a_tampa__act
e288ccad-1ef8-587e-a966-bb7524b46731,http://buildgraph.org/BG_large_office_2004_0000#Zone_F2_Z07_Electric_Power_Sensor,Electric_Power_Sensor,W,,large_office__2a_tampa__act
69f0d2eb-8983-5648-8ddc-e03c7e02cc90,http://buildgraph.org/BG_large_office_2004_0000#Zone_F2_Z08_Electric_Power_Sensor,Electric_Power_Sensor,W,,large_office__2a_tampa__act
6e5e4174-20f1-5708-96e1-662026d67de7,http://buildgraph.org/BG_large_office_2004_0000#Zone_F2_Z09_Electric_Power_Sensor,Electric_Power_Sensor,W,,large_office__2a_tampa__act
95a195d5-d0ce-5098-bcec-ca1a2e9c4f28,http://buildgraph.org/BG_large_office_2004_0000#Zone_F3_Z01_Electric_Power_Sensor,Electric_Power_Sensor,W,,large_office__2a_tampa__act
49eac0ff-63d2-57a8-90a0-fdee8aaf25a6,http://buildgraph.org/BG_large_office_2004_0000#Zone_F3_Z02_Electric_Power_Sensor,Electric_Power_Sensor,W,,large_office__2a_tampa__act
f3f4ff2d-2185-580c-8306-4443e1c55ae9,http://buildgraph.org/BG_large_office_2004_0000#Zone_F3_Z03_Electric_Power_Sensor,Electric_Power_Sensor,W,,large_office__2a_tampa__act
290739bf-7a5b-5da2-8695-b70edc09d94d,http://buildgraph.org/BG_large_office_2004_0000#Zone_F3_Z04_Electric_Power_Sensor,Electric_Power_Sensor,W,,large_office__2a_tampa__act
aae47278-33aa-5890-bc25-fe8f2730710b,http://buildgraph.org/BG_large_office_2004_0000#Zone_F3_Z05_Electric_Power_Sensor,Electric_Power_Sensor,W,,large_office__2a_tampa__act
7420d2f7-f2a4-5e63-bd2b-236c63444fab,http://buildgraph.org/BG_large_office_2004_0000#Zone_F4_Z01_Electric_Power_Sensor,Electric_Power_Sensor,W,,large_office__2a_tampa__act
66009ccf-dd88-5be4-87fd-ed38ec990e48,http://buildgraph.org/BG_large_office_2004_0000#Zone_F4_Z02_Electric_Power_Sensor,Electric_Power_Sensor,W,,large_office__2a_tampa__act
db4f4dad-b2bb-59ce-97a3-3701bbd7ab35,http://buildgraph.org/BG_large_office_2004_0000#Zone_F4_Z03_Electric_Power_Sensor,Electric_Power_Sensor,W,,large_office__2a_tampa__act
752938fd-1330-5407-9a4f-66e1191a232a,http://buildgraph.org/BG_large_office_2004_0000#Zone_F4_Z04_Electric_Power_Sensor,Electric_Power_Sensor,W,,large_office__2a_tampa__act
42493d5e-d7c8-5e7c-b100-a81e5d773b79,http://buildgraph.org/BG_large_office_2004_0000#Zone_F4_Z05_Electric_Power_Sensor,Electric_Power_Sensor,W,,large_office__2a_tampa__act
5d3fd4be-e94c-5760-bf8d-d4ed537dbca6,http://buildgraph.org/BG_large_office_2004_0000#VAV_F4_Z05.Damper_Position_Setpoint,Damper_Position_Setpoint,,,large_office__2a_tampa__act
0b144aa3-7fab-584f-a371-3979ca53af5f,http://buildgraph.org/BG_large_office_2004_0000#VAV_F2_Z04.Damper_Position_Setpoint,Damper_Position_Setpoint,,,large_office__2a_tampa__act
7edef4ab-4273-5085-ae42-f5d784936b5a,http://buildgraph.org/BG_large_office_2004_0000#VAV_F2_Z02.Damper_Position_Setpoint,Damper_Position_Setpoint,,,large_office__2a_tampa__act
4df9c8b7-fdf5-5bdb-bde7-5464fc2bf463,http://buildgraph.org/BG_large_office_2004_0000#VAV_F2_Z03.Damper_Position_Setpoint,Damper_Position_Setpoint,,,large_office__2a_tampa__act
de92aecc-fc37-5d28-a0b6-fb34b4c34747,http://buildgraph.org/BG_large_office_2004_0000#VAV_F3_Z01.Damper_Position_Setpoint,Damper_Position_Setpoint,,,large_office__2a_tampa__act
dd9fec27-c757-5c61-8576-767de135ced6,http://buildgraph.org/BG_large_office_2004_0000#VAV_F3_Z04.Damper_Position_Setpoint,Damper_Position_Setpoint,,,large_office__2a_tampa__act
ba632a90-e933-50c9-84cb-60a4a3b91256,http://buildgraph.org/BG_large_office_2004_0000#VAV_F2_Z05.Damper_Position_Setpoint,Damper_Position_Setpoint,,,large_office__2a_tampa__act
7b02c527-bd84-5ef0-825f-0c8f9da917ba,http://buildgraph.org/BG_large_office_2004_0000#VAV_F3_Z02.Damper_Position_Setpoint,Damper_Position_Setpoint,,,large_office__2a_tampa__act
793c9605-4c68-5b90-8747-faffb8666e4b,http://buildgraph.org/BG_large_office_2004_0000#VAV_F2_Z01.Damper_Position_Setpoint,Damper_Position_Setpoint,,,large_office__2a_tampa__act
d3e3a9f8-b070-5082-8bc6-c54900258c1a,http://buildgraph.org/BG_large_office_2004_0000#VAV_F4_Z01.Damper_Position_Setpoint,Damper_Position_Setpoint,,,large_office__2a_tampa__act
eb9f0d8e-d789-5342-bd40-2ebdc9cb742d,http://buildgraph.org/BG_large_office_2004_0000#VAV_F4_Z02.Damper_Position_Setpoint,Damper_Position_Setpoint,,,large_office__2a_tampa__act
3b7201f5-f239-5d49-b9d6-eb1ba0dafb78,http://buildgraph.org/BG_large_office_2004_0000#VAV_F4_Z03.Damper_Position_Setpoint,Damper_Position_Setpoint,,,large_office__2a_tampa__act
42ade16b-73f3-5bac-90db-621689aeb723,http://buildgraph.org/BG_large_office_2004_0000#VAV_F4_Z04.Damper_Position_Setpoint,Damper_Position_Setpoint,,,large_office__2a_tampa__act
5be1e149-8dfd-54fd-baa4-ed58f432a1e7,http://buildgraph.org/BG_large_office_2004_0000#VAV_F3_Z03.Damper_Position_Setpoint,Damper_Position_Setpoint,,,large_office__2a_tampa__act
4c94cc76-efe3-54b7-a2f2-10c1833fbe7f,http://buildgraph.org/BG_large_office_2004_0000#VAV_F3_Z05.Damper_Position_Setpoint,Damper_Position_Setpoint,,,large_office__2a_tampa__act
