class,domain,intent,level,requires,hops,answer_type,grader,instantiates_on_bats,question,ground_truth
t_status_1,thermal,status,1,T,1,number,number within ±0.5,yes,"What was the air temperature in zone DataCenter_basement_ZN_6 at 2018-01-02 08:00, in °C?",27.0
t_status_2,thermal,status,2,T+Sp,1,number,number within ±0.5,yes,"At 2018-01-20 16:00, how far was zone Core_top from its cooling setpoint, in °C? Give temperature minus setpoint, so a negative value means below the setpoint.",-0.001
t_summary_1,thermal,summary,1,T,1,number,number within ±0.5,yes,"What was the mean air temperature in zone Perimeter_mid_ZN_4 on 2018-01-02 (all 24 hourly values), in °C?",24.231333
t_summary_2,thermal,summary,2,T+Sp,1,number,number within ±1,yes,"On 2018-01-06, for how many of the 24 hourly values was zone Core_mid outside its own setpoint band, meaning below its heating setpoint or above its cooling setpoint at that hour?",0
t_comparison_2,thermal,comparison,2,T,1,number,number within ±0.5,yes,"At 2018-01-03 12:00, what was the air temperature of zone Perimeter_top_ZN_3 minus that of zone Perimeter_mid_ZN_3, in °C? A positive value means Perimeter_top_ZN_3 was warmer.",-0.899
t_comparison_2hop,thermal,comparison,2,T,2,entity,"entity: the name, or any name the graph ties to the entity (case and punctuation ignored)",yes,"Among the zones served by air handler AHU02, which zone had the highest air temperature at 2018-10-09 11:00?",Perimeter_mid_ZN_2
t_comparison_3,thermal,comparison,3,T+Sp+ActC+ActP,1,number,number within ±0.01 or ±5% (the larger),no (template shown),"On {date} between 08:00 and 18:00 (both included), what was the mean terminal damper signal of {zone A} minus that of {zone B}, in the signal's own unit?",
t_verification_2,thermal,verification,2,T+Sp,1,boolean,yes/no: exact,yes,Did zone Perimeter_mid_ZN_4 stay within its own heating and cooling setpoints at every hourly value on 2018-07-04?,False
t_verification_3,thermal,verification,3,T+Sp+ActC+ActP,1,number,number within ±0.01 or ±5% (the larger),no (template shown),"On {date}, over the hourly values at which {zone} was above its cooling setpoint, what was the mean terminal damper signal, in the signal's own unit?",
e_status_1,energy,status,1,Whole,1,number,number within ±2%,yes,"How much electricity did the whole building use on 2018-10-11, in joules? The meter series holds joules per hour; add the 24 hourly values.",86683293069.698
e_summary_1,energy,summary,1,Whole,1,number,number within ±2%,yes,"What was the highest hourly whole-building electricity use in 2018-10, in joules per hour?",5218343476.758
e_summary_2,energy,summary,2,Whole+Sub,1,number,number within ±0.02,yes,In this building the electric power sensor attached to a zone meters that zone's lighting. What fraction of the whole building's electricity on 2018-01-09 went to lighting? Lighting power is metered per zone in watts (hourly values); the building meter is in joules per hour. Give a number between 0 and 1.,0.055149
e_comparison_2,energy,comparison,2,Whole,1,number,number within ±2%,yes,"How much more electricity did the whole building use on 2018-01-10 than on 2018-10-13, in joules? Give a negative value if it used less.",-32276795965.422997
e_comparison_3,energy,comparison,3,Whole+Sub2+OAT,2,entity,"entity: the name, or any name the graph ties to the entity (case and punctuation ignored)",no (template shown),"In this building the electric power sensor attached to a zone meters that zone's lighting. Between {first date} and {second date}, which end use increased its electricity use the most: HVAC (the metered HVAC equipment), lighting (the zone lighting meters), or other (the rest of the building meter)? Answer HVAC, lighting or other.",
q_status_1,equipment,status,1,Pwr,1,number,number within ±1 or ±2% (the larger),yes,"What was the electrical power of CondPump02 at 2018-07-11 16:00, in watts?",0.0
q_status_2,equipment,status,2,Pwr,1,number,number within ±0.02,yes,"At 2018-07-19 14:00, what was the electrical power of HWPump02 as a fraction of its own highest hourly value in the whole record? Give a number between 0 and 1.",1.0
q_comparison_2,equipment,comparison,2,Pwr,2,entity,"entity: the name, or any name the graph ties to the entity (case and punctuation ignored)",yes,"Among Chiller02, CondPump01, CondPump02, which one used the most electricity on 2018-10-22? Answer with its name.",CondPump01
q_comparison_3,equipment,comparison,3,Pwr+Run+Load,1,number,number within ±5%,no (template shown),"On {date}, what was the mean air flow of {equipment A} minus that of {equipment B}, over all hourly values, in the flow series' own unit?",
q_verification_3,equipment,verification,3,Pwr+Run+Load,1,number,number within ±1,no (template shown),"On {date}, at how many hourly values did {equipment} draw more than 1 W while its run signal was off (zero)?",
a_status_1,airquality,status,1,CO2,1,number,number within ±2%,no (template shown),"What was the CO₂ concentration in {zone} at {date} {hour}:00, in ppm?",
a_summary_2,airquality,summary,2,CO2+Occ,1,number,number within ±1,no (template shown),"On {date}, at how many hourly values was {zone} occupied (occupancy above zero) with CO₂ above 800 ppm?",
a_comparison_2,airquality,comparison,2,CO2,1,number,number within ±5 or ±5% (the larger),no (template shown),"On {date}, what was the mean CO₂ of {zone A} minus that of {zone B}, over all hourly values, in ppm?",
a_verification_3,airquality,verification,3,CO2+Occ+OAF,1,boolean,yes/no: exact,no (template shown),"On {date}, was the mean outdoor-air flow to {zone} higher at the occupied hourly values (occupancy above zero) than at the unoccupied ones?",
o_status_1,occupancy,status,1,Occ,1,number,number within ±1 or ±5% (the larger),yes,How many people were in zone Perimeter_top_ZN_2 at 2018-10-11 09:00?,10.328
o_summary_2,occupancy,summary,2,Occ,1,number,number within ±1 or ±5% (the larger),yes,"What was the mean occupancy of zone Perimeter_bot_ZN_2 on 2018-10-23 over the hourly values from 08:00 to 18:00, both included, in people?",8.508818
o_diagnosis_2,occupancy,diagnosis,2,Occ,1,number,number within ±1,yes,"On 2018-04-10, at how many hourly values outside 08:00–18:00 (so before 08:00 or after 18:00) was zone Perimeter_mid_ZN_3 occupied (occupancy above zero)?",7
l_status_2,lighting,status,2,Lgt+Occ,1,boolean,yes/no: exact,yes,"In this building the electric power sensor attached to a zone meters that zone's lighting. At 2018-01-07 02:00, were the lights in zone DataCenter_top_ZN_6 (the HVAC zone with this label, not the room that shares it) on (lighting power above 1 W) while the zone was unoccupied (occupancy zero)?",True
l_summary_2,lighting,summary,2,Lgt,1,number,number within ±2%,yes,"In this building the electric power sensor attached to a zone meters that zone's lighting. How much lighting energy did zone Core_top use on 2018-04-12, in joules? Lighting power is in watts at hourly values.",548757007.2
l_comparison_2,lighting,comparison,2,Lgt,2,entity,"entity: the name, or any name the graph ties to the entity (case and punctuation ignored)",yes,"In this building the electric power sensor attached to a zone meters that zone's lighting. Among zones Core_bottom, Perimeter_bot_ZN_4, Perimeter_top_ZN_1, which one used the most lighting energy on 2018-10-12? Answer with the zone's name.",Core_bottom
l_diagnosis_2,lighting,diagnosis,2,Lgt+Occ,1,number,number within ±1,yes,"In this building the electric power sensor attached to a zone meters that zone's lighting. On 2018-01-10, at how many hourly values were the lights in zone Perimeter_mid_ZN_3 on (lighting power above 1 W) while the zone was unoccupied (occupancy zero)?",6
t_verification_3_flow,thermal,verification,3,T+Sp+ActC+ActP,1,number,number within ±1,no (template shown),"On {date}, at how many hourly values was the air flow of {zone} more than 10% away from its air flow setpoint? Count only hours with a setpoint above zero.",
q_verification_3_simul,equipment,verification,3,Pwr+Run+Load,1,number,number within ±1,no (template shown),"On {date}, at how many hourly values were the heating and the cooling valve signals of {unit} both above zero?",
e_comparison_3_weather,energy,comparison,3,Whole+Sub2+OAT,1,number,number within ±5%,no (template shown),"From {first date} to {second date}, by how many joules did whole-building daily electricity use change per degree Celsius of change in the daily mean outside air temperature? Give (use on the second date minus use on the first) divided by (mean outside temperature on the second date minus that on the first).",
e_summary_1_weekday,energy,summary,1,Whole,1,number,number within ±2%,yes,"What was the mean daily whole-building electricity use over the weekdays (Monday to Friday) of 2018-01 that have all 24 hourly values, in joules per day?",51899382794.66714
e_explanation_occ,energy,explanation,3,Whole+Sub2+OAT+Occ,1,number,number within ±0.05,no (template shown),"On {date}, what was the Pearson correlation between the hourly whole-building electricity use and the hourly total occupancy summed over all zones that have an occupancy series?",
t_comparison_1,thermal,comparison,1,T,1,boolean,yes/no: exact,yes,"At 2018-01-23 15:00, was the air temperature of zone DataCenter_bot_ZN_6 (the HVAC zone with this label, not the room that shares it) higher than that of zone Perimeter_top_ZN_3?",True
t_verification_1,thermal,verification,1,T,1,boolean,yes/no: exact,yes,"On 2018-04-08, did zone Basement stay at or below 25 °C at every one of its 24 hourly values?",False
t_diagnosis_1,thermal,diagnosis,1,T,1,entity,"entity: the name, or any name the graph ties to the entity (case and punctuation ignored)",yes,"At 2018-04-23 12:00, which zone had the highest air temperature among all zones that have an air temperature sensor? Answer with the zone's name.",DataCenter_basement_ZN_6
t_diagnosis_2,thermal,diagnosis,2,T+Sp,1,entity,"entity: the name, or any name the graph ties to the entity (case and punctuation ignored)",yes,"At 2018-04-09 16:00, which zone was farthest above its own cooling setpoint (largest value of temperature minus cooling setpoint) among all zones that have both? Answer with the zone's name.",Perimeter_bot_ZN_4
t_explanation_1,thermal,explanation,1,T,1,number,number within ±0.5,yes,"By how much did the mean air temperature of zone Perimeter_mid_ZN_4 change from 2018-07-19 to 2018-04-23, in °C? Give the mean on the second date minus the mean on the first, each over all 24 hourly values.",1.510292
t_explanation_2,thermal,explanation,2,T+Sp,1,entity,"entity: the name, or any name the graph ties to the entity (case and punctuation ignored)",yes,"Over the hourly values from 08:00 to 18:00 (both included), the mean deviation of zone Core_top from its cooling setpoint (temperature minus setpoint) was compared between 2018-04-03 and 2018-10-17. Did that mean deviation increase or decrease from the first date to the second? Answer increase or decrease.",increase
e_comparison_1,energy,comparison,1,Whole,1,boolean,yes/no: exact,yes,Did the whole building use more electricity on 2018-10-21 than on 2018-01-26?,True
e_diagnosis_1,energy,diagnosis,1,Whole,1,entity,"entity: the name, or any name the graph ties to the entity (case and punctuation ignored)",yes,"In 2018-01, on which date did the whole building use the most electricity, counting only dates with all 24 hourly values? If several dates tie, give the earliest. Answer as YYYY-MM-DD.",2018-01-19
e_diagnosis_2,energy,diagnosis,2,Whole,1,number,number within ±1,yes,"In 2018-10, on how many dates (counting only dates with all 24 hourly values) was the whole building's daily electricity use more than 10% above the mean daily use of those dates?",14
e_explanation_1,energy,explanation,1,Whole,1,number,number within ±0.01 or ±5% (the larger),yes,By what fraction did whole-building daily electricity use change from 2018-01-13 to 2018-10-09? Give (use on the second date minus use on the first) divided by use on the first date.,0.183923
e_explanation_2,energy,explanation,2,Whole,1,entity,"entity: the name, or any name the graph ties to the entity (case and punctuation ignored)",yes,"Between 2018-10-12 and 2018-10-04, did whole-building electricity use change more, in absolute joules summed over hours, during the occupied hours 08:00 to 18:00 (both included) or during the other hours of the day? Answer occupied or unoccupied.",occupied
q_comparison_1,equipment,comparison,1,Pwr,1,boolean,yes/no: exact,yes,"At 2018-04-25 08:00, did CoolingTower02 draw more electrical power than HWPump01?",False
q_summary_1,equipment,summary,1,Pwr,1,number,number within ±1 or ±2% (the larger),yes,"What was the mean electrical power of Chiller01 on 2018-10-10 over all 24 hourly values, in watts?",85848.641333
q_summary_2,equipment,summary,2,Pwr,1,number,number within ±1,yes,"On 2018-01-27, at how many of its 24 hourly values was the electrical power of AHU02 above half of its own highest hourly value in the whole record?",0
q_verification_1,equipment,verification,1,Pwr,1,boolean,yes/no: exact,yes,"On 2018-04-24, did SupplyFan_AHU01 draw more than 8994 W at any of its 24 hourly values?",False
q_verification_2,equipment,verification,2,Pwr,1,boolean,yes/no: exact,yes,"On 2018-07-17, did the electrical power of HWPump02 stay below 90% of its own highest hourly value in the whole record at every one of its 24 hourly values?",False
q_diagnosis_1,equipment,diagnosis,1,Pwr,1,entity,"entity: the name, or any name the graph ties to the entity (case and punctuation ignored)",yes,"At 2018-04-11 14:00, which item of equipment drew the most electrical power among all equipment with a power sensor? Answer with its name.",Chiller01
q_diagnosis_2,equipment,diagnosis,2,Pwr,1,entity,"entity: the name, or any name the graph ties to the entity (case and punctuation ignored)",yes,"On 2018-10-18, which of AHU01, CondPump02, HWPump01 ran closest to its own highest hourly power in the whole record (largest ratio of that day's highest hourly power to its record high)? Answer with its name.",HWPump01
q_explanation_1,equipment,explanation,1,Pwr,1,number,number within ±5%,yes,By how many joules did the daily electricity use of AHU01 change from 2018-07-15 to 2018-07-04? Give use on the second date minus use on the first; power is in watts at hourly values.,-42643220.4
q_explanation_2,equipment,explanation,2,Pwr,1,entity,"entity: the name, or any name the graph ties to the entity (case and punctuation ignored)",yes,"Between 2018-01-05 and 2018-04-07, did the electricity use of AHU03 change more, in absolute terms summed over hours, during the occupied hours 08:00 to 18:00 (both included) or during the other hours of the day? Answer occupied or unoccupied.",occupied
l_status_1,lighting,status,1,Lgt,1,number,number within ±1 or ±2% (the larger),yes,"In this building the electric power sensor attached to a zone meters that zone's lighting. What was the lighting power of zone DataCenter_bot_ZN_6 (the HVAC zone with this label, not the room that shares it) at 2018-04-23 16:00, in watts?",17.592
l_summary_1,lighting,summary,1,Lgt,1,number,number within ±1 or ±2% (the larger),yes,"In this building the electric power sensor attached to a zone meters that zone's lighting. What was the mean lighting power of zone Perimeter_mid_ZN_4 on 2018-07-04 over all 24 hourly values, in watts?",36.481458
l_comparison_1,lighting,comparison,1,Lgt,1,boolean,yes/no: exact,yes,"In this building the electric power sensor attached to a zone meters that zone's lighting. At 2018-04-06 17:00, was the lighting power of zone Perimeter_top_ZN_4 higher than that of zone Core_top?",False
l_diagnosis_1,lighting,diagnosis,1,Lgt,1,entity,"entity: the name, or any name the graph ties to the entity (case and punctuation ignored)",yes,"In this building the electric power sensor attached to a zone meters that zone's lighting. At 2018-04-04 09:00, which zone had the highest lighting power among all zones with a lighting meter? Answer with the zone's name.",Basement
o_status_2,occupancy,status,2,Occ,1,boolean,yes/no: exact,yes,"At 2018-10-22 12:00, were there more people in zone Perimeter_top_ZN_3 than its own mean occupancy over the hourly values from 08:00 to 18:00 (both included) on 2018-10-22?",True
o_summary_1,occupancy,summary,1,Occ,1,number,number within ±1 or ±5% (the larger),yes,"What was the highest hourly occupancy of zone Perimeter_top_ZN_3 on 2018-07-14, in people?",16.757
o_comparison_1,occupancy,comparison,1,Occ,1,boolean,yes/no: exact,yes,"At 2018-01-23 09:00, were there more people in zone Basement than in zone Perimeter_top_ZN_3?",True
o_comparison_2,occupancy,comparison,2,Occ,1,number,number within ±1 or ±5% (the larger),yes,"On 2018-10-11, what was the mean occupancy of zone Perimeter_mid_ZN_3 minus that of zone DataCenter_top_ZN_6 (the HVAC zone with this label, not the room that shares it), over the hourly values from 08:00 to 18:00 (both included), in people?",11.678182
o_diagnosis_1,occupancy,diagnosis,1,Occ,1,number,number within exact,yes,"On 2018-10-03, at which hour of the day (0 to 23) did zone Perimeter_top_ZN_4 have the most people? If several hours tie, give the earliest.",10
